user_id,tenant_id,user_name,email,created_at
1,9,User_1,user_1@gmail.com,2026-04-13 16:03:22.764879
2,6,User_2,user_2@gmail.com,2026-04-13 16:03:22.764879
3,10,User_3,user_3@gmail.com,2026-04-13 16:03:22.764879
4,7,User_4,user_4@gmail.com,2026-04-13 16:03:22.764879
5,5,User_5,user_5@gmail.com,2026-04-13 16:03:22.764879
6,7,User_6,user_6@gmail.com,2026-04-13 16:03:22.764879
7,7,User_7,user_7@gmail.com,2026-04-13 16:03:22.764879
8,10,User_8,user_8@gmail.com,2026-04-13 16:03:22.764879
9,10,User_9,user_9@gmail.com,2026-04-13 16:03:22.764879
10,5,User_10,user_10@gmail.com,2026-04-13 16:03:22.764879
11,7,User_11,user_11@gmail.com,2026-04-13 16:03:22.764879
12,5,User_12,user_12@gmail.com,2026-04-13 16:03:22.764879
13,10,User_13,user_13@gmail.com,2026-04-13 16:03:22.764879
14,2,User_14,user_14@gmail.com,2026-04-13 16:03:22.764879
15,3,User_15,user_15@gmail.com,2026-04-13 16:03:22.764879
16,5,User_16,user_16@gmail.com,2026-04-13 16:03:22.764879
17,2,User_17,user_17@gmail.com,2026-04-13 16:03:22.764879
18,10,User_18,user_18@gmail.com,2026-04-13 16:03:22.764879
19,8,User_19,user_19@gmail.com,2026-04-13 16:03:22.764879
20,7,User_20,user_20@gmail.com,2026-04-13 16:03:22.764879
21,5,User_21,user_21@gmail.com,2026-04-13 16:03:22.764879
22,4,User_22,user_22@gmail.com,2026-04-13 16:03:22.764879
23,10,User_23,user_23@gmail.com,2026-04-13 16:03:22.764879
24,2,User_24,user_24@gmail.com,2026-04-13 16:03:22.764879
25,6,User_25,user_25@gmail.com,2026-04-13 16:03:22.764879
26,8,User_26,user_26@gmail.com,2026-04-13 16:03:22.764879
27,8,User_27,user_27@gmail.com,2026-04-13 16:03:22.764879
28,3,User_28,user_28@gmail.com,2026-04-13 16:03:22.764879
29,4,User_29,user_29@gmail.com,2026-04-13 16:03:22.764879
30,4,User_30,user_30@gmail.com,2026-04-13 16:03:22.764879
31,1,User_31,user_31@gmail.com,2026-04-13 16:03:22.764879
32,10,User_32,user_32@gmail.com,2026-04-13 16:03:22.764879
33,10,User_33,user_33@gmail.com,2026-04-13 16:03:22.764879
34,7,User_34,user_34@gmail.com,2026-04-13 16:03:22.764879
35,2,User_35,user_35@gmail.com,2026-04-13 16:03:22.764879
36,6,User_36,user_36@gmail.com,2026-04-13 16:03:22.764879
37,8,User_37,user_37@gmail.com,2026-04-13 16:03:22.764879
38,2,User_38,user_38@gmail.com,2026-04-13 16:03:22.764879
39,6,User_39,user_39@gmail.com,2026-04-13 16:03:22.764879
40,4,User_40,user_40@gmail.com,2026-04-13 16:03:22.764879
41,5,User_41,user_41@gmail.com,2026-04-13 16:03:22.764879
42,4,User_42,user_42@gmail.com,2026-04-13 16:03:22.764879
43,6,User_43,user_43@gmail.com,2026-04-13 16:03:22.764879
44,5,User_44,user_44@gmail.com,2026-04-13 16:03:22.764879
45,7,User_45,user_45@gmail.com,2026-04-13 16:03:22.764879
46,5,User_46,user_46@gmail.com,2026-04-13 16:03:22.764879
47,6,User_47,user_47@gmail.com,2026-04-13 16:03:22.764879
48,2,User_48,user_48@gmail.com,2026-04-13 16:03:22.764879
49,2,User_49,user_49@gmail.com,2026-04-13 16:03:22.764879
50,2,User_50,user_50@gmail.com,2026-04-13 16:03:22.764879
51,5,User_51,user_51@gmail.com,2026-04-13 16:03:22.764879
52,7,User_52,user_52@gmail.com,2026-04-13 16:03:22.764879
53,7,User_53,user_53@gmail.com,2026-04-13 16:03:22.764879
54,7,User_54,user_54@gmail.com,2026-04-13 16:03:22.764879
55,3,User_55,user_55@gmail.com,2026-04-13 16:03:22.764879
56,8,User_56,user_56@gmail.com,2026-04-13 16:03:22.764879
57,10,User_57,user_57@gmail.com,2026-04-13 16:03:22.764879
58,2,User_58,user_58@gmail.com,2026-04-13 16:03:22.764879
59,3,User_59,user_59@gmail.com,2026-04-13 16:03:22.764879
60,8,User_60,user_60@gmail.com,2026-04-13 16:03:22.764879
61,5,User_61,user_61@gmail.com,2026-04-13 16:03:22.764879
62,5,User_62,user_62@gmail.com,2026-04-13 16:03:22.764879
63,10,User_63,user_63@gmail.com,2026-04-13 16:03:22.764879
64,2,User_64,user_64@gmail.com,2026-04-13 16:03:22.764879
65,9,User_65,user_65@gmail.com,2026-04-13 16:03:22.764879
66,4,User_66,user_66@gmail.com,2026-04-13 16:03:22.764879
67,4,User_67,user_67@gmail.com,2026-04-13 16:03:22.764879
68,7,User_68,user_68@gmail.com,2026-04-13 16:03:22.764879
69,7,User_69,user_69@gmail.com,2026-04-13 16:03:22.764879
70,2,User_70,user_70@gmail.com,2026-04-13 16:03:22.764879
71,9,User_71,user_71@gmail.com,2026-04-13 16:03:22.764879
72,4,User_72,user_72@gmail.com,2026-04-13 16:03:22.764879
73,2,User_73,user_73@gmail.com,2026-04-13 16:03:22.764879
74,8,User_74,user_74@gmail.com,2026-04-13 16:03:22.764879
75,2,User_75,user_75@gmail.com,2026-04-13 16:03:22.764879
76,1,User_76,user_76@gmail.com,2026-04-13 16:03:22.764879
77,6,User_77,user_77@gmail.com,2026-04-13 16:03:22.764879
78,1,User_78,user_78@gmail.com,2026-04-13 16:03:22.764879
79,7,User_79,user_79@gmail.com,2026-04-13 16:03:22.764879
80,8,User_80,user_80@gmail.com,2026-04-13 16:03:22.764879
81,2,User_81,user_81@gmail.com,2026-04-13 16:03:22.764879
82,10,User_82,user_82@gmail.com,2026-04-13 16:03:22.764879
83,4,User_83,user_83@gmail.com,2026-04-13 16:03:22.764879
84,3,User_84,user_84@gmail.com,2026-04-13 16:03:22.764879
85,3,User_85,user_85@gmail.com,2026-04-13 16:03:22.764879
86,10,User_86,user_86@gmail.com,2026-04-13 16:03:22.764879
87,3,User_87,user_87@gmail.com,2026-04-13 16:03:22.764879
88,2,User_88,user_88@gmail.com,2026-04-13 16:03:22.764879
89,7,User_89,user_89@gmail.com,2026-04-13 16:03:22.764879
90,8,User_90,user_90@gmail.com,2026-04-13 16:03:22.764879
91,3,User_91,user_91@gmail.com,2026-04-13 16:03:22.764879
92,3,User_92,user_92@gmail.com,2026-04-13 16:03:22.764879
93,10,User_93,user_93@gmail.com,2026-04-13 16:03:22.764879
94,3,User_94,user_94@gmail.com,2026-04-13 16:03:22.764879
95,7,User_95,user_95@gmail.com,2026-04-13 16:03:22.764879
96,5,User_96,user_96@gmail.com,2026-04-13 16:03:22.764879
97,7,User_97,user_97@gmail.com,2026-04-13 16:03:22.764879
98,2,User_98,user_98@gmail.com,2026-04-13 16:03:22.764879
99,8,User_99,user_99@gmail.com,2026-04-13 16:03:22.764879
100,8,User_100,user_100@gmail.com,2026-04-13 16:03:22.764879
101,8,User_101,user_101@gmail.com,2026-04-13 16:03:22.764879
102,7,User_102,user_102@gmail.com,2026-04-13 16:03:22.764879
103,5,User_103,user_103@gmail.com,2026-04-13 16:03:22.764879
104,9,User_104,user_104@gmail.com,2026-04-13 16:03:22.764879
105,4,User_105,user_105@gmail.com,2026-04-13 16:03:22.764879
106,8,User_106,user_106@gmail.com,2026-04-13 16:03:22.764879
107,7,User_107,user_107@gmail.com,2026-04-13 16:03:22.764879
108,8,User_108,user_108@gmail.com,2026-04-13 16:03:22.764879
109,5,User_109,user_109@gmail.com,2026-04-13 16:03:22.764879
110,4,User_110,user_110@gmail.com,2026-04-13 16:03:22.764879
111,7,User_111,user_111@gmail.com,2026-04-13 16:03:22.764879
112,3,User_112,user_112@gmail.com,2026-04-13 16:03:22.764879
113,6,User_113,user_113@gmail.com,2026-04-13 16:03:22.764879
114,10,User_114,user_114@gmail.com,2026-04-13 16:03:22.764879
115,10,User_115,user_115@gmail.com,2026-04-13 16:03:22.764879
116,2,User_116,user_116@gmail.com,2026-04-13 16:03:22.764879
117,3,User_117,user_117@gmail.com,2026-04-13 16:03:22.764879
118,2,User_118,user_118@gmail.com,2026-04-13 16:03:22.764879
119,10,User_119,user_119@gmail.com,2026-04-13 16:03:22.764879
120,5,User_120,user_120@gmail.com,2026-04-13 16:03:22.764879
121,7,User_121,user_121@gmail.com,2026-04-13 16:03:22.764879
122,7,User_122,user_122@gmail.com,2026-04-13 16:03:22.764879
123,4,User_123,user_123@gmail.com,2026-04-13 16:03:22.764879
124,9,User_124,user_124@gmail.com,2026-04-13 16:03:22.764879
125,3,User_125,user_125@gmail.com,2026-04-13 16:03:22.764879
126,6,User_126,user_126@gmail.com,2026-04-13 16:03:22.764879
127,2,User_127,user_127@gmail.com,2026-04-13 16:03:22.764879
128,3,User_128,user_128@gmail.com,2026-04-13 16:03:22.764879
129,2,User_129,user_129@gmail.com,2026-04-13 16:03:22.764879
130,7,User_130,user_130@gmail.com,2026-04-13 16:03:22.764879
131,2,User_131,user_131@gmail.com,2026-04-13 16:03:22.764879
132,4,User_132,user_132@gmail.com,2026-04-13 16:03:22.764879
133,9,User_133,user_133@gmail.com,2026-04-13 16:03:22.764879
134,8,User_134,user_134@gmail.com,2026-04-13 16:03:22.764879
135,2,User_135,user_135@gmail.com,2026-04-13 16:03:22.764879
136,6,User_136,user_136@gmail.com,2026-04-13 16:03:22.764879
137,6,User_137,user_137@gmail.com,2026-04-13 16:03:22.764879
138,9,User_138,user_138@gmail.com,2026-04-13 16:03:22.764879
139,9,User_139,user_139@gmail.com,2026-04-13 16:03:22.764879
140,1,User_140,user_140@gmail.com,2026-04-13 16:03:22.764879
141,2,User_141,user_141@gmail.com,2026-04-13 16:03:22.764879
142,2,User_142,user_142@gmail.com,2026-04-13 16:03:22.764879
143,9,User_143,user_143@gmail.com,2026-04-13 16:03:22.764879
144,9,User_144,user_144@gmail.com,2026-04-13 16:03:22.764879
145,3,User_145,user_145@gmail.com,2026-04-13 16:03:22.764879
146,6,User_146,user_146@gmail.com,2026-04-13 16:03:22.764879
147,3,User_147,user_147@gmail.com,2026-04-13 16:03:22.764879
148,4,User_148,user_148@gmail.com,2026-04-13 16:03:22.764879
149,6,User_149,user_149@gmail.com,2026-04-13 16:03:22.764879
150,2,User_150,user_150@gmail.com,2026-04-13 16:03:22.764879
151,9,User_151,user_151@gmail.com,2026-04-13 16:03:22.764879
152,4,User_152,user_152@gmail.com,2026-04-13 16:03:22.764879
153,9,User_153,user_153@gmail.com,2026-04-13 16:03:22.764879
154,3,User_154,user_154@gmail.com,2026-04-13 16:03:22.764879
155,4,User_155,user_155@gmail.com,2026-04-13 16:03:22.764879
156,6,User_156,user_156@gmail.com,2026-04-13 16:03:22.764879
157,2,User_157,user_157@gmail.com,2026-04-13 16:03:22.764879
158,10,User_158,user_158@gmail.com,2026-04-13 16:03:22.764879
159,6,User_159,user_159@gmail.com,2026-04-13 16:03:22.764879
160,4,User_160,user_160@gmail.com,2026-04-13 16:03:22.764879
161,2,User_161,user_161@gmail.com,2026-04-13 16:03:22.764879
162,3,User_162,user_162@gmail.com,2026-04-13 16:03:22.764879
163,4,User_163,user_163@gmail.com,2026-04-13 16:03:22.764879
164,4,User_164,user_164@gmail.com,2026-04-13 16:03:22.764879
165,7,User_165,user_165@gmail.com,2026-04-13 16:03:22.764879
166,5,User_166,user_166@gmail.com,2026-04-13 16:03:22.764879
167,6,User_167,user_167@gmail.com,2026-04-13 16:03:22.764879
168,7,User_168,user_168@gmail.com,2026-04-13 16:03:22.764879
169,5,User_169,user_169@gmail.com,2026-04-13 16:03:22.764879
170,3,User_170,user_170@gmail.com,2026-04-13 16:03:22.764879
171,3,User_171,user_171@gmail.com,2026-04-13 16:03:22.764879
172,9,User_172,user_172@gmail.com,2026-04-13 16:03:22.764879
173,2,User_173,user_173@gmail.com,2026-04-13 16:03:22.764879
174,6,User_174,user_174@gmail.com,2026-04-13 16:03:22.764879
175,7,User_175,user_175@gmail.com,2026-04-13 16:03:22.764879
176,6,User_176,user_176@gmail.com,2026-04-13 16:03:22.764879
177,6,User_177,user_177@gmail.com,2026-04-13 16:03:22.764879
178,10,User_178,user_178@gmail.com,2026-04-13 16:03:22.764879
179,10,User_179,user_179@gmail.com,2026-04-13 16:03:22.764879
180,6,User_180,user_180@gmail.com,2026-04-13 16:03:22.764879
181,9,User_181,user_181@gmail.com,2026-04-13 16:03:22.764879
182,6,User_182,user_182@gmail.com,2026-04-13 16:03:22.764879
183,3,User_183,user_183@gmail.com,2026-04-13 16:03:22.764879
184,1,User_184,user_184@gmail.com,2026-04-13 16:03:22.764879
185,9,User_185,user_185@gmail.com,2026-04-13 16:03:22.764879
186,4,User_186,user_186@gmail.com,2026-04-13 16:03:22.764879
187,4,User_187,user_187@gmail.com,2026-04-13 16:03:22.764879
188,3,User_188,user_188@gmail.com,2026-04-13 16:03:22.764879
189,2,User_189,user_189@gmail.com,2026-04-13 16:03:22.764879
190,2,User_190,user_190@gmail.com,2026-04-13 16:03:22.764879
191,1,User_191,user_191@gmail.com,2026-04-13 16:03:22.764879
192,3,User_192,user_192@gmail.com,2026-04-13 16:03:22.764879
193,5,User_193,user_193@gmail.com,2026-04-13 16:03:22.764879
194,9,User_194,user_194@gmail.com,2026-04-13 16:03:22.764879
195,10,User_195,user_195@gmail.com,2026-04-13 16:03:22.764879
196,7,User_196,user_196@gmail.com,2026-04-13 16:03:22.764879
197,6,User_197,user_197@gmail.com,2026-04-13 16:03:22.764879
198,3,User_198,user_198@gmail.com,2026-04-13 16:03:22.764879
199,8,User_199,user_199@gmail.com,2026-04-13 16:03:22.764879
200,5,User_200,user_200@gmail.com,2026-04-13 16:03:22.764879
201,5,User_201,user_201@gmail.com,2026-04-13 16:03:22.764879
202,3,User_202,user_202@gmail.com,2026-04-13 16:03:22.764879
203,7,User_203,user_203@gmail.com,2026-04-13 16:03:22.764879
204,9,User_204,user_204@gmail.com,2026-04-13 16:03:22.764879
205,1,User_205,user_205@gmail.com,2026-04-13 16:03:22.764879
206,8,User_206,user_206@gmail.com,2026-04-13 16:03:22.764879
207,2,User_207,user_207@gmail.com,2026-04-13 16:03:22.764879
208,5,User_208,user_208@gmail.com,2026-04-13 16:03:22.764879
209,3,User_209,user_209@gmail.com,2026-04-13 16:03:22.764879
210,8,User_210,user_210@gmail.com,2026-04-13 16:03:22.764879
211,2,User_211,user_211@gmail.com,2026-04-13 16:03:22.764879
212,10,User_212,user_212@gmail.com,2026-04-13 16:03:22.764879
213,3,User_213,user_213@gmail.com,2026-04-13 16:03:22.764879
214,7,User_214,user_214@gmail.com,2026-04-13 16:03:22.764879
215,1,User_215,user_215@gmail.com,2026-04-13 16:03:22.764879
216,7,User_216,user_216@gmail.com,2026-04-13 16:03:22.764879
217,3,User_217,user_217@gmail.com,2026-04-13 16:03:22.764879
218,3,User_218,user_218@gmail.com,2026-04-13 16:03:22.764879
219,1,User_219,user_219@gmail.com,2026-04-13 16:03:22.764879
220,10,User_220,user_220@gmail.com,2026-04-13 16:03:22.764879
221,3,User_221,user_221@gmail.com,2026-04-13 16:03:22.764879
222,2,User_222,user_222@gmail.com,2026-04-13 16:03:22.764879
223,8,User_223,user_223@gmail.com,2026-04-13 16:03:22.764879
224,8,User_224,user_224@gmail.com,2026-04-13 16:03:22.764879
225,6,User_225,user_225@gmail.com,2026-04-13 16:03:22.764879
226,6,User_226,user_226@gmail.com,2026-04-13 16:03:22.764879
227,10,User_227,user_227@gmail.com,2026-04-13 16:03:22.764879
228,5,User_228,user_228@gmail.com,2026-04-13 16:03:22.764879
229,1,User_229,user_229@gmail.com,2026-04-13 16:03:22.764879
230,8,User_230,user_230@gmail.com,2026-04-13 16:03:22.764879
231,8,User_231,user_231@gmail.com,2026-04-13 16:03:22.764879
232,5,User_232,user_232@gmail.com,2026-04-13 16:03:22.764879
233,3,User_233,user_233@gmail.com,2026-04-13 16:03:22.764879
234,6,User_234,user_234@gmail.com,2026-04-13 16:03:22.764879
235,4,User_235,user_235@gmail.com,2026-04-13 16:03:22.764879
236,8,User_236,user_236@gmail.com,2026-04-13 16:03:22.764879
237,10,User_237,user_237@gmail.com,2026-04-13 16:03:22.764879
238,5,User_238,user_238@gmail.com,2026-04-13 16:03:22.764879
239,3,User_239,user_239@gmail.com,2026-04-13 16:03:22.764879
240,9,User_240,user_240@gmail.com,2026-04-13 16:03:22.764879
241,8,User_241,user_241@gmail.com,2026-04-13 16:03:22.764879
242,10,User_242,user_242@gmail.com,2026-04-13 16:03:22.764879
243,2,User_243,user_243@gmail.com,2026-04-13 16:03:22.764879
244,3,User_244,user_244@gmail.com,2026-04-13 16:03:22.764879
245,2,User_245,user_245@gmail.com,2026-04-13 16:03:22.764879
246,7,User_246,user_246@gmail.com,2026-04-13 16:03:22.764879
247,10,User_247,user_247@gmail.com,2026-04-13 16:03:22.764879
248,5,User_248,user_248@gmail.com,2026-04-13 16:03:22.764879
249,9,User_249,user_249@gmail.com,2026-04-13 16:03:22.764879
250,7,User_250,user_250@gmail.com,2026-04-13 16:03:22.764879
251,8,User_251,user_251@gmail.com,2026-04-13 16:03:22.764879
252,3,User_252,user_252@gmail.com,2026-04-13 16:03:22.764879
253,3,User_253,user_253@gmail.com,2026-04-13 16:03:22.764879
254,3,User_254,user_254@gmail.com,2026-04-13 16:03:22.764879
255,2,User_255,user_255@gmail.com,2026-04-13 16:03:22.764879
256,2,User_256,user_256@gmail.com,2026-04-13 16:03:22.764879
257,9,User_257,user_257@gmail.com,2026-04-13 16:03:22.764879
258,2,User_258,user_258@gmail.com,2026-04-13 16:03:22.764879
259,3,User_259,user_259@gmail.com,2026-04-13 16:03:22.764879
260,2,User_260,user_260@gmail.com,2026-04-13 16:03:22.764879
261,9,User_261,user_261@gmail.com,2026-04-13 16:03:22.764879
262,4,User_262,user_262@gmail.com,2026-04-13 16:03:22.764879
263,10,User_263,user_263@gmail.com,2026-04-13 16:03:22.764879
264,6,User_264,user_264@gmail.com,2026-04-13 16:03:22.764879
265,7,User_265,user_265@gmail.com,2026-04-13 16:03:22.764879
266,8,User_266,user_266@gmail.com,2026-04-13 16:03:22.764879
267,6,User_267,user_267@gmail.com,2026-04-13 16:03:22.764879
268,7,User_268,user_268@gmail.com,2026-04-13 16:03:22.764879
269,4,User_269,user_269@gmail.com,2026-04-13 16:03:22.764879
270,6,User_270,user_270@gmail.com,2026-04-13 16:03:22.764879
271,3,User_271,user_271@gmail.com,2026-04-13 16:03:22.764879
272,10,User_272,user_272@gmail.com,2026-04-13 16:03:22.764879
273,9,User_273,user_273@gmail.com,2026-04-13 16:03:22.764879
274,7,User_274,user_274@gmail.com,2026-04-13 16:03:22.764879
275,4,User_275,user_275@gmail.com,2026-04-13 16:03:22.764879
276,7,User_276,user_276@gmail.com,2026-04-13 16:03:22.764879
277,8,User_277,user_277@gmail.com,2026-04-13 16:03:22.764879
278,9,User_278,user_278@gmail.com,2026-04-13 16:03:22.764879
279,6,User_279,user_279@gmail.com,2026-04-13 16:03:22.764879
280,5,User_280,user_280@gmail.com,2026-04-13 16:03:22.764879
281,1,User_281,user_281@gmail.com,2026-04-13 16:03:22.764879
282,1,User_282,user_282@gmail.com,2026-04-13 16:03:22.764879
283,3,User_283,user_283@gmail.com,2026-04-13 16:03:22.764879
284,1,User_284,user_284@gmail.com,2026-04-13 16:03:22.764879
285,9,User_285,user_285@gmail.com,2026-04-13 16:03:22.764879
286,7,User_286,user_286@gmail.com,2026-04-13 16:03:22.764879
287,6,User_287,user_287@gmail.com,2026-04-13 16:03:22.764879
288,7,User_288,user_288@gmail.com,2026-04-13 16:03:22.764879
289,7,User_289,user_289@gmail.com,2026-04-13 16:03:22.764879
290,3,User_290,user_290@gmail.com,2026-04-13 16:03:22.764879
291,6,User_291,user_291@gmail.com,2026-04-13 16:03:22.764879
292,4,User_292,user_292@gmail.com,2026-04-13 16:03:22.764879
293,6,User_293,user_293@gmail.com,2026-04-13 16:03:22.764879
294,2,User_294,user_294@gmail.com,2026-04-13 16:03:22.764879
295,5,User_295,user_295@gmail.com,2026-04-13 16:03:22.764879
296,4,User_296,user_296@gmail.com,2026-04-13 16:03:22.764879
297,3,User_297,user_297@gmail.com,2026-04-13 16:03:22.764879
298,1,User_298,user_298@gmail.com,2026-04-13 16:03:22.764879
299,1,User_299,user_299@gmail.com,2026-04-13 16:03:22.764879
300,6,User_300,user_300@gmail.com,2026-04-13 16:03:22.764879
301,6,User_301,user_301@gmail.com,2026-04-13 16:03:22.764879
302,10,User_302,user_302@gmail.com,2026-04-13 16:03:22.764879
303,3,User_303,user_303@gmail.com,2026-04-13 16:03:22.764879
304,6,User_304,user_304@gmail.com,2026-04-13 16:03:22.764879
305,7,User_305,user_305@gmail.com,2026-04-13 16:03:22.764879
306,8,User_306,user_306@gmail.com,2026-04-13 16:03:22.764879
307,2,User_307,user_307@gmail.com,2026-04-13 16:03:22.764879
308,7,User_308,user_308@gmail.com,2026-04-13 16:03:22.764879
309,6,User_309,user_309@gmail.com,2026-04-13 16:03:22.764879
310,5,User_310,user_310@gmail.com,2026-04-13 16:03:22.764879
311,5,User_311,user_311@gmail.com,2026-04-13 16:03:22.764879
312,3,User_312,user_312@gmail.com,2026-04-13 16:03:22.764879
313,5,User_313,user_313@gmail.com,2026-04-13 16:03:22.764879
314,7,User_314,user_314@gmail.com,2026-04-13 16:03:22.764879
315,4,User_315,user_315@gmail.com,2026-04-13 16:03:22.764879
316,9,User_316,user_316@gmail.com,2026-04-13 16:03:22.764879
317,8,User_317,user_317@gmail.com,2026-04-13 16:03:22.764879
318,3,User_318,user_318@gmail.com,2026-04-13 16:03:22.764879
319,5,User_319,user_319@gmail.com,2026-04-13 16:03:22.764879
320,7,User_320,user_320@gmail.com,2026-04-13 16:03:22.764879
321,9,User_321,user_321@gmail.com,2026-04-13 16:03:22.764879
322,5,User_322,user_322@gmail.com,2026-04-13 16:03:22.764879
323,8,User_323,user_323@gmail.com,2026-04-13 16:03:22.764879
324,2,User_324,user_324@gmail.com,2026-04-13 16:03:22.764879
325,4,User_325,user_325@gmail.com,2026-04-13 16:03:22.764879
326,10,User_326,user_326@gmail.com,2026-04-13 16:03:22.764879
327,5,User_327,user_327@gmail.com,2026-04-13 16:03:22.764879
328,4,User_328,user_328@gmail.com,2026-04-13 16:03:22.764879
329,2,User_329,user_329@gmail.com,2026-04-13 16:03:22.764879
330,9,User_330,user_330@gmail.com,2026-04-13 16:03:22.764879
331,10,User_331,user_331@gmail.com,2026-04-13 16:03:22.764879
332,8,User_332,user_332@gmail.com,2026-04-13 16:03:22.764879
333,2,User_333,user_333@gmail.com,2026-04-13 16:03:22.764879
334,2,User_334,user_334@gmail.com,2026-04-13 16:03:22.764879
335,8,User_335,user_335@gmail.com,2026-04-13 16:03:22.764879
336,7,User_336,user_336@gmail.com,2026-04-13 16:03:22.764879
337,1,User_337,user_337@gmail.com,2026-04-13 16:03:22.764879
338,3,User_338,user_338@gmail.com,2026-04-13 16:03:22.764879
339,4,User_339,user_339@gmail.com,2026-04-13 16:03:22.764879
340,4,User_340,user_340@gmail.com,2026-04-13 16:03:22.764879
341,10,User_341,user_341@gmail.com,2026-04-13 16:03:22.764879
342,10,User_342,user_342@gmail.com,2026-04-13 16:03:22.764879
343,6,User_343,user_343@gmail.com,2026-04-13 16:03:22.764879
344,6,User_344,user_344@gmail.com,2026-04-13 16:03:22.764879
345,4,User_345,user_345@gmail.com,2026-04-13 16:03:22.764879
346,7,User_346,user_346@gmail.com,2026-04-13 16:03:22.764879
347,6,User_347,user_347@gmail.com,2026-04-13 16:03:22.764879
348,3,User_348,user_348@gmail.com,2026-04-13 16:03:22.764879
349,8,User_349,user_349@gmail.com,2026-04-13 16:03:22.764879
350,8,User_350,user_350@gmail.com,2026-04-13 16:03:22.764879
351,5,User_351,user_351@gmail.com,2026-04-13 16:03:22.764879
352,7,User_352,user_352@gmail.com,2026-04-13 16:03:22.764879
353,3,User_353,user_353@gmail.com,2026-04-13 16:03:22.764879
354,7,User_354,user_354@gmail.com,2026-04-13 16:03:22.764879
355,8,User_355,user_355@gmail.com,2026-04-13 16:03:22.764879
356,1,User_356,user_356@gmail.com,2026-04-13 16:03:22.764879
357,4,User_357,user_357@gmail.com,2026-04-13 16:03:22.764879
358,7,User_358,user_358@gmail.com,2026-04-13 16:03:22.764879
359,1,User_359,user_359@gmail.com,2026-04-13 16:03:22.764879
360,5,User_360,user_360@gmail.com,2026-04-13 16:03:22.764879
361,6,User_361,user_361@gmail.com,2026-04-13 16:03:22.764879
362,3,User_362,user_362@gmail.com,2026-04-13 16:03:22.764879
363,8,User_363,user_363@gmail.com,2026-04-13 16:03:22.764879
364,9,User_364,user_364@gmail.com,2026-04-13 16:03:22.764879
365,8,User_365,user_365@gmail.com,2026-04-13 16:03:22.764879
366,10,User_366,user_366@gmail.com,2026-04-13 16:03:22.764879
367,3,User_367,user_367@gmail.com,2026-04-13 16:03:22.764879
368,1,User_368,user_368@gmail.com,2026-04-13 16:03:22.764879
369,3,User_369,user_369@gmail.com,2026-04-13 16:03:22.764879
370,6,User_370,user_370@gmail.com,2026-04-13 16:03:22.764879
371,6,User_371,user_371@gmail.com,2026-04-13 16:03:22.764879
372,6,User_372,user_372@gmail.com,2026-04-13 16:03:22.764879
373,4,User_373,user_373@gmail.com,2026-04-13 16:03:22.764879
374,7,User_374,user_374@gmail.com,2026-04-13 16:03:22.764879
375,6,User_375,user_375@gmail.com,2026-04-13 16:03:22.764879
376,9,User_376,user_376@gmail.com,2026-04-13 16:03:22.764879
377,5,User_377,user_377@gmail.com,2026-04-13 16:03:22.764879
378,6,User_378,user_378@gmail.com,2026-04-13 16:03:22.764879
379,4,User_379,user_379@gmail.com,2026-04-13 16:03:22.764879
380,3,User_380,user_380@gmail.com,2026-04-13 16:03:22.764879
381,5,User_381,user_381@gmail.com,2026-04-13 16:03:22.764879
382,9,User_382,user_382@gmail.com,2026-04-13 16:03:22.764879
383,6,User_383,user_383@gmail.com,2026-04-13 16:03:22.764879
384,4,User_384,user_384@gmail.com,2026-04-13 16:03:22.764879
385,7,User_385,user_385@gmail.com,2026-04-13 16:03:22.764879
386,1,User_386,user_386@gmail.com,2026-04-13 16:03:22.764879
387,5,User_387,user_387@gmail.com,2026-04-13 16:03:22.764879
388,5,User_388,user_388@gmail.com,2026-04-13 16:03:22.764879
389,7,User_389,user_389@gmail.com,2026-04-13 16:03:22.764879
390,5,User_390,user_390@gmail.com,2026-04-13 16:03:22.764879
391,6,User_391,user_391@gmail.com,2026-04-13 16:03:22.764879
392,7,User_392,user_392@gmail.com,2026-04-13 16:03:22.764879
393,7,User_393,user_393@gmail.com,2026-04-13 16:03:22.764879
394,10,User_394,user_394@gmail.com,2026-04-13 16:03:22.764879
395,10,User_395,user_395@gmail.com,2026-04-13 16:03:22.764879
396,1,User_396,user_396@gmail.com,2026-04-13 16:03:22.764879
397,9,User_397,user_397@gmail.com,2026-04-13 16:03:22.764879
398,2,User_398,user_398@gmail.com,2026-04-13 16:03:22.764879
399,7,User_399,user_399@gmail.com,2026-04-13 16:03:22.764879
400,7,User_400,user_400@gmail.com,2026-04-13 16:03:22.764879
401,6,User_401,user_401@gmail.com,2026-04-13 16:03:22.764879
402,9,User_402,user_402@gmail.com,2026-04-13 16:03:22.764879
403,9,User_403,user_403@gmail.com,2026-04-13 16:03:22.764879
404,4,User_404,user_404@gmail.com,2026-04-13 16:03:22.764879
405,10,User_405,user_405@gmail.com,2026-04-13 16:03:22.764879
406,7,User_406,user_406@gmail.com,2026-04-13 16:03:22.764879
407,1,User_407,user_407@gmail.com,2026-04-13 16:03:22.764879
408,5,User_408,user_408@gmail.com,2026-04-13 16:03:22.764879
409,3,User_409,user_409@gmail.com,2026-04-13 16:03:22.764879
410,2,User_410,user_410@gmail.com,2026-04-13 16:03:22.764879
411,9,User_411,user_411@gmail.com,2026-04-13 16:03:22.764879
412,9,User_412,user_412@gmail.com,2026-04-13 16:03:22.764879
413,7,User_413,user_413@gmail.com,2026-04-13 16:03:22.764879
414,9,User_414,user_414@gmail.com,2026-04-13 16:03:22.764879
415,7,User_415,user_415@gmail.com,2026-04-13 16:03:22.764879
416,5,User_416,user_416@gmail.com,2026-04-13 16:03:22.764879
417,8,User_417,user_417@gmail.com,2026-04-13 16:03:22.764879
418,3,User_418,user_418@gmail.com,2026-04-13 16:03:22.764879
419,9,User_419,user_419@gmail.com,2026-04-13 16:03:22.764879
420,7,User_420,user_420@gmail.com,2026-04-13 16:03:22.764879
421,4,User_421,user_421@gmail.com,2026-04-13 16:03:22.764879
422,6,User_422,user_422@gmail.com,2026-04-13 16:03:22.764879
423,3,User_423,user_423@gmail.com,2026-04-13 16:03:22.764879
424,7,User_424,user_424@gmail.com,2026-04-13 16:03:22.764879
425,2,User_425,user_425@gmail.com,2026-04-13 16:03:22.764879
426,7,User_426,user_426@gmail.com,2026-04-13 16:03:22.764879
427,7,User_427,user_427@gmail.com,2026-04-13 16:03:22.764879
428,4,User_428,user_428@gmail.com,2026-04-13 16:03:22.764879
429,5,User_429,user_429@gmail.com,2026-04-13 16:03:22.764879
430,1,User_430,user_430@gmail.com,2026-04-13 16:03:22.764879
431,4,User_431,user_431@gmail.com,2026-04-13 16:03:22.764879
432,4,User_432,user_432@gmail.com,2026-04-13 16:03:22.764879
433,4,User_433,user_433@gmail.com,2026-04-13 16:03:22.764879
434,1,User_434,user_434@gmail.com,2026-04-13 16:03:22.764879
435,8,User_435,user_435@gmail.com,2026-04-13 16:03:22.764879
436,6,User_436,user_436@gmail.com,2026-04-13 16:03:22.764879
437,4,User_437,user_437@gmail.com,2026-04-13 16:03:22.764879
438,2,User_438,user_438@gmail.com,2026-04-13 16:03:22.764879
439,2,User_439,user_439@gmail.com,2026-04-13 16:03:22.764879
440,9,User_440,user_440@gmail.com,2026-04-13 16:03:22.764879
441,2,User_441,user_441@gmail.com,2026-04-13 16:03:22.764879
442,4,User_442,user_442@gmail.com,2026-04-13 16:03:22.764879
443,6,User_443,user_443@gmail.com,2026-04-13 16:03:22.764879
444,4,User_444,user_444@gmail.com,2026-04-13 16:03:22.764879
445,9,User_445,user_445@gmail.com,2026-04-13 16:03:22.764879
446,4,User_446,user_446@gmail.com,2026-04-13 16:03:22.764879
447,10,User_447,user_447@gmail.com,2026-04-13 16:03:22.764879
448,9,User_448,user_448@gmail.com,2026-04-13 16:03:22.764879
449,4,User_449,user_449@gmail.com,2026-04-13 16:03:22.764879
450,3,User_450,user_450@gmail.com,2026-04-13 16:03:22.764879
451,3,User_451,user_451@gmail.com,2026-04-13 16:03:22.764879
452,1,User_452,user_452@gmail.com,2026-04-13 16:03:22.764879
453,2,User_453,user_453@gmail.com,2026-04-13 16:03:22.764879
454,4,User_454,user_454@gmail.com,2026-04-13 16:03:22.764879
455,4,User_455,user_455@gmail.com,2026-04-13 16:03:22.764879
456,4,User_456,user_456@gmail.com,2026-04-13 16:03:22.764879
457,10,User_457,user_457@gmail.com,2026-04-13 16:03:22.764879
458,1,User_458,user_458@gmail.com,2026-04-13 16:03:22.764879
459,2,User_459,user_459@gmail.com,2026-04-13 16:03:22.764879
460,4,User_460,user_460@gmail.com,2026-04-13 16:03:22.764879
461,8,User_461,user_461@gmail.com,2026-04-13 16:03:22.764879
462,3,User_462,user_462@gmail.com,2026-04-13 16:03:22.764879
463,3,User_463,user_463@gmail.com,2026-04-13 16:03:22.764879
464,10,User_464,user_464@gmail.com,2026-04-13 16:03:22.764879
465,4,User_465,user_465@gmail.com,2026-04-13 16:03:22.764879
466,9,User_466,user_466@gmail.com,2026-04-13 16:03:22.764879
467,8,User_467,user_467@gmail.com,2026-04-13 16:03:22.764879
468,2,User_468,user_468@gmail.com,2026-04-13 16:03:22.764879
469,7,User_469,user_469@gmail.com,2026-04-13 16:03:22.764879
470,5,User_470,user_470@gmail.com,2026-04-13 16:03:22.764879
471,7,User_471,user_471@gmail.com,2026-04-13 16:03:22.764879
472,10,User_472,user_472@gmail.com,2026-04-13 16:03:22.764879
473,6,User_473,user_473@gmail.com,2026-04-13 16:03:22.764879
474,6,User_474,user_474@gmail.com,2026-04-13 16:03:22.764879
475,6,User_475,user_475@gmail.com,2026-04-13 16:03:22.764879
476,5,User_476,user_476@gmail.com,2026-04-13 16:03:22.764879
477,1,User_477,user_477@gmail.com,2026-04-13 16:03:22.764879
478,2,User_478,user_478@gmail.com,2026-04-13 16:03:22.764879
479,5,User_479,user_479@gmail.com,2026-04-13 16:03:22.764879
480,3,User_480,user_480@gmail.com,2026-04-13 16:03:22.764879
481,2,User_481,user_481@gmail.com,2026-04-13 16:03:22.764879
482,2,User_482,user_482@gmail.com,2026-04-13 16:03:22.764879
483,9,User_483,user_483@gmail.com,2026-04-13 16:03:22.764879
484,4,User_484,user_484@gmail.com,2026-04-13 16:03:22.764879
485,4,User_485,user_485@gmail.com,2026-04-13 16:03:22.764879
486,1,User_486,user_486@gmail.com,2026-04-13 16:03:22.764879
487,10,User_487,user_487@gmail.com,2026-04-13 16:03:22.764879
488,9,User_488,user_488@gmail.com,2026-04-13 16:03:22.764879
489,8,User_489,user_489@gmail.com,2026-04-13 16:03:22.764879
490,8,User_490,user_490@gmail.com,2026-04-13 16:03:22.764879
491,4,User_491,user_491@gmail.com,2026-04-13 16:03:22.764879
492,8,User_492,user_492@gmail.com,2026-04-13 16:03:22.764879
493,5,User_493,user_493@gmail.com,2026-04-13 16:03:22.764879
494,9,User_494,user_494@gmail.com,2026-04-13 16:03:22.764879
495,2,User_495,user_495@gmail.com,2026-04-13 16:03:22.764879
496,2,User_496,user_496@gmail.com,2026-04-13 16:03:22.764879
497,2,User_497,user_497@gmail.com,2026-04-13 16:03:22.764879
498,8,User_498,user_498@gmail.com,2026-04-13 16:03:22.764879
499,5,User_499,user_499@gmail.com,2026-04-13 16:03:22.764879
500,7,User_500,user_500@gmail.com,2026-04-13 16:03:22.764879
501,9,User_501,user_501@gmail.com,2026-04-13 16:03:22.764879
502,4,User_502,user_502@gmail.com,2026-04-13 16:03:22.764879
503,2,User_503,user_503@gmail.com,2026-04-13 16:03:22.764879
504,9,User_504,user_504@gmail.com,2026-04-13 16:03:22.764879
505,3,User_505,user_505@gmail.com,2026-04-13 16:03:22.764879
506,10,User_506,user_506@gmail.com,2026-04-13 16:03:22.764879
507,2,User_507,user_507@gmail.com,2026-04-13 16:03:22.764879
508,4,User_508,user_508@gmail.com,2026-04-13 16:03:22.764879
509,3,User_509,user_509@gmail.com,2026-04-13 16:03:22.764879
510,9,User_510,user_510@gmail.com,2026-04-13 16:03:22.764879
511,1,User_511,user_511@gmail.com,2026-04-13 16:03:22.764879
512,5,User_512,user_512@gmail.com,2026-04-13 16:03:22.764879
513,7,User_513,user_513@gmail.com,2026-04-13 16:03:22.764879
514,8,User_514,user_514@gmail.com,2026-04-13 16:03:22.764879
515,2,User_515,user_515@gmail.com,2026-04-13 16:03:22.764879
516,8,User_516,user_516@gmail.com,2026-04-13 16:03:22.764879
517,7,User_517,user_517@gmail.com,2026-04-13 16:03:22.764879
518,7,User_518,user_518@gmail.com,2026-04-13 16:03:22.764879
519,9,User_519,user_519@gmail.com,2026-04-13 16:03:22.764879
520,1,User_520,user_520@gmail.com,2026-04-13 16:03:22.764879
521,2,User_521,user_521@gmail.com,2026-04-13 16:03:22.764879
522,6,User_522,user_522@gmail.com,2026-04-13 16:03:22.764879
523,9,User_523,user_523@gmail.com,2026-04-13 16:03:22.764879
524,4,User_524,user_524@gmail.com,2026-04-13 16:03:22.764879
525,1,User_525,user_525@gmail.com,2026-04-13 16:03:22.764879
526,2,User_526,user_526@gmail.com,2026-04-13 16:03:22.764879
527,8,User_527,user_527@gmail.com,2026-04-13 16:03:22.764879
528,1,User_528,user_528@gmail.com,2026-04-13 16:03:22.764879
529,9,User_529,user_529@gmail.com,2026-04-13 16:03:22.764879
530,5,User_530,user_530@gmail.com,2026-04-13 16:03:22.764879
531,5,User_531,user_531@gmail.com,2026-04-13 16:03:22.764879
532,6,User_532,user_532@gmail.com,2026-04-13 16:03:22.764879
533,4,User_533,user_533@gmail.com,2026-04-13 16:03:22.764879
534,3,User_534,user_534@gmail.com,2026-04-13 16:03:22.764879
535,9,User_535,user_535@gmail.com,2026-04-13 16:03:22.764879
536,4,User_536,user_536@gmail.com,2026-04-13 16:03:22.764879
537,7,User_537,user_537@gmail.com,2026-04-13 16:03:22.764879
538,1,User_538,user_538@gmail.com,2026-04-13 16:03:22.764879
539,9,User_539,user_539@gmail.com,2026-04-13 16:03:22.764879
540,4,User_540,user_540@gmail.com,2026-04-13 16:03:22.764879
541,1,User_541,user_541@gmail.com,2026-04-13 16:03:22.764879
542,3,User_542,user_542@gmail.com,2026-04-13 16:03:22.764879
543,9,User_543,user_543@gmail.com,2026-04-13 16:03:22.764879
544,2,User_544,user_544@gmail.com,2026-04-13 16:03:22.764879
545,1,User_545,user_545@gmail.com,2026-04-13 16:03:22.764879
546,6,User_546,user_546@gmail.com,2026-04-13 16:03:22.764879
547,3,User_547,user_547@gmail.com,2026-04-13 16:03:22.764879
548,5,User_548,user_548@gmail.com,2026-04-13 16:03:22.764879
549,6,User_549,user_549@gmail.com,2026-04-13 16:03:22.764879
550,6,User_550,user_550@gmail.com,2026-04-13 16:03:22.764879
551,8,User_551,user_551@gmail.com,2026-04-13 16:03:22.764879
552,8,User_552,user_552@gmail.com,2026-04-13 16:03:22.764879
553,8,User_553,user_553@gmail.com,2026-04-13 16:03:22.764879
554,5,User_554,user_554@gmail.com,2026-04-13 16:03:22.764879
555,2,User_555,user_555@gmail.com,2026-04-13 16:03:22.764879
556,2,User_556,user_556@gmail.com,2026-04-13 16:03:22.764879
557,9,User_557,user_557@gmail.com,2026-04-13 16:03:22.764879
558,10,User_558,user_558@gmail.com,2026-04-13 16:03:22.764879
559,7,User_559,user_559@gmail.com,2026-04-13 16:03:22.764879
560,5,User_560,user_560@gmail.com,2026-04-13 16:03:22.764879
561,10,User_561,user_561@gmail.com,2026-04-13 16:03:22.764879
562,3,User_562,user_562@gmail.com,2026-04-13 16:03:22.764879
563,2,User_563,user_563@gmail.com,2026-04-13 16:03:22.764879
564,4,User_564,user_564@gmail.com,2026-04-13 16:03:22.764879
565,6,User_565,user_565@gmail.com,2026-04-13 16:03:22.764879
566,6,User_566,user_566@gmail.com,2026-04-13 16:03:22.764879
567,3,User_567,user_567@gmail.com,2026-04-13 16:03:22.764879
568,8,User_568,user_568@gmail.com,2026-04-13 16:03:22.764879
569,3,User_569,user_569@gmail.com,2026-04-13 16:03:22.764879
570,10,User_570,user_570@gmail.com,2026-04-13 16:03:22.764879
571,8,User_571,user_571@gmail.com,2026-04-13 16:03:22.764879
572,10,User_572,user_572@gmail.com,2026-04-13 16:03:22.764879
573,6,User_573,user_573@gmail.com,2026-04-13 16:03:22.764879
574,8,User_574,user_574@gmail.com,2026-04-13 16:03:22.764879
575,8,User_575,user_575@gmail.com,2026-04-13 16:03:22.764879
576,7,User_576,user_576@gmail.com,2026-04-13 16:03:22.764879
577,3,User_577,user_577@gmail.com,2026-04-13 16:03:22.764879
578,3,User_578,user_578@gmail.com,2026-04-13 16:03:22.764879
579,3,User_579,user_579@gmail.com,2026-04-13 16:03:22.764879
580,1,User_580,user_580@gmail.com,2026-04-13 16:03:22.764879
581,4,User_581,user_581@gmail.com,2026-04-13 16:03:22.764879
582,3,User_582,user_582@gmail.com,2026-04-13 16:03:22.764879
583,6,User_583,user_583@gmail.com,2026-04-13 16:03:22.764879
584,8,User_584,user_584@gmail.com,2026-04-13 16:03:22.764879
585,8,User_585,user_585@gmail.com,2026-04-13 16:03:22.764879
586,9,User_586,user_586@gmail.com,2026-04-13 16:03:22.764879
587,5,User_587,user_587@gmail.com,2026-04-13 16:03:22.764879
588,2,User_588,user_588@gmail.com,2026-04-13 16:03:22.764879
589,8,User_589,user_589@gmail.com,2026-04-13 16:03:22.764879
590,7,User_590,user_590@gmail.com,2026-04-13 16:03:22.764879
591,2,User_591,user_591@gmail.com,2026-04-13 16:03:22.764879
592,1,User_592,user_592@gmail.com,2026-04-13 16:03:22.764879
593,6,User_593,user_593@gmail.com,2026-04-13 16:03:22.764879
594,2,User_594,user_594@gmail.com,2026-04-13 16:03:22.764879
595,8,User_595,user_595@gmail.com,2026-04-13 16:03:22.764879
596,3,User_596,user_596@gmail.com,2026-04-13 16:03:22.764879
597,7,User_597,user_597@gmail.com,2026-04-13 16:03:22.764879
598,2,User_598,user_598@gmail.com,2026-04-13 16:03:22.764879
599,9,User_599,user_599@gmail.com,2026-04-13 16:03:22.764879
600,4,User_600,user_600@gmail.com,2026-04-13 16:03:22.764879
601,2,User_601,user_601@gmail.com,2026-04-13 16:03:22.764879
602,1,User_602,user_602@gmail.com,2026-04-13 16:03:22.764879
603,4,User_603,user_603@gmail.com,2026-04-13 16:03:22.764879
604,4,User_604,user_604@gmail.com,2026-04-13 16:03:22.764879
605,5,User_605,user_605@gmail.com,2026-04-13 16:03:22.764879
606,7,User_606,user_606@gmail.com,2026-04-13 16:03:22.764879
607,4,User_607,user_607@gmail.com,2026-04-13 16:03:22.764879
608,3,User_608,user_608@gmail.com,2026-04-13 16:03:22.764879
609,7,User_609,user_609@gmail.com,2026-04-13 16:03:22.764879
610,2,User_610,user_610@gmail.com,2026-04-13 16:03:22.764879
611,2,User_611,user_611@gmail.com,2026-04-13 16:03:22.764879
612,4,User_612,user_612@gmail.com,2026-04-13 16:03:22.764879
613,8,User_613,user_613@gmail.com,2026-04-13 16:03:22.764879
614,4,User_614,user_614@gmail.com,2026-04-13 16:03:22.764879
615,7,User_615,user_615@gmail.com,2026-04-13 16:03:22.764879
616,5,User_616,user_616@gmail.com,2026-04-13 16:03:22.764879
617,6,User_617,user_617@gmail.com,2026-04-13 16:03:22.764879
618,5,User_618,user_618@gmail.com,2026-04-13 16:03:22.764879
619,7,User_619,user_619@gmail.com,2026-04-13 16:03:22.764879
620,6,User_620,user_620@gmail.com,2026-04-13 16:03:22.764879
621,8,User_621,user_621@gmail.com,2026-04-13 16:03:22.764879
622,9,User_622,user_622@gmail.com,2026-04-13 16:03:22.764879
623,2,User_623,user_623@gmail.com,2026-04-13 16:03:22.764879
624,2,User_624,user_624@gmail.com,2026-04-13 16:03:22.764879
625,6,User_625,user_625@gmail.com,2026-04-13 16:03:22.764879
626,5,User_626,user_626@gmail.com,2026-04-13 16:03:22.764879
627,10,User_627,user_627@gmail.com,2026-04-13 16:03:22.764879
628,3,User_628,user_628@gmail.com,2026-04-13 16:03:22.764879
629,7,User_629,user_629@gmail.com,2026-04-13 16:03:22.764879
630,3,User_630,user_630@gmail.com,2026-04-13 16:03:22.764879
631,4,User_631,user_631@gmail.com,2026-04-13 16:03:22.764879
632,7,User_632,user_632@gmail.com,2026-04-13 16:03:22.764879
633,3,User_633,user_633@gmail.com,2026-04-13 16:03:22.764879
634,2,User_634,user_634@gmail.com,2026-04-13 16:03:22.764879
635,8,User_635,user_635@gmail.com,2026-04-13 16:03:22.764879
636,7,User_636,user_636@gmail.com,2026-04-13 16:03:22.764879
637,9,User_637,user_637@gmail.com,2026-04-13 16:03:22.764879
638,2,User_638,user_638@gmail.com,2026-04-13 16:03:22.764879
639,4,User_639,user_639@gmail.com,2026-04-13 16:03:22.764879
640,1,User_640,user_640@gmail.com,2026-04-13 16:03:22.764879
641,1,User_641,user_641@gmail.com,2026-04-13 16:03:22.764879
642,4,User_642,user_642@gmail.com,2026-04-13 16:03:22.764879
643,10,User_643,user_643@gmail.com,2026-04-13 16:03:22.764879
644,7,User_644,user_644@gmail.com,2026-04-13 16:03:22.764879
645,1,User_645,user_645@gmail.com,2026-04-13 16:03:22.764879
646,3,User_646,user_646@gmail.com,2026-04-13 16:03:22.764879
647,5,User_647,user_647@gmail.com,2026-04-13 16:03:22.764879
648,6,User_648,user_648@gmail.com,2026-04-13 16:03:22.764879
649,2,User_649,user_649@gmail.com,2026-04-13 16:03:22.764879
650,5,User_650,user_650@gmail.com,2026-04-13 16:03:22.764879
651,2,User_651,user_651@gmail.com,2026-04-13 16:03:22.764879
652,6,User_652,user_652@gmail.com,2026-04-13 16:03:22.764879
653,8,User_653,user_653@gmail.com,2026-04-13 16:03:22.764879
654,2,User_654,user_654@gmail.com,2026-04-13 16:03:22.764879
655,7,User_655,user_655@gmail.com,2026-04-13 16:03:22.764879
656,9,User_656,user_656@gmail.com,2026-04-13 16:03:22.764879
657,4,User_657,user_657@gmail.com,2026-04-13 16:03:22.764879
658,3,User_658,user_658@gmail.com,2026-04-13 16:03:22.764879
659,6,User_659,user_659@gmail.com,2026-04-13 16:03:22.764879
660,2,User_660,user_660@gmail.com,2026-04-13 16:03:22.764879
661,6,User_661,user_661@gmail.com,2026-04-13 16:03:22.764879
662,7,User_662,user_662@gmail.com,2026-04-13 16:03:22.764879
663,1,User_663,user_663@gmail.com,2026-04-13 16:03:22.764879
664,4,User_664,user_664@gmail.com,2026-04-13 16:03:22.764879
665,4,User_665,user_665@gmail.com,2026-04-13 16:03:22.764879
666,9,User_666,user_666@gmail.com,2026-04-13 16:03:22.764879
667,6,User_667,user_667@gmail.com,2026-04-13 16:03:22.764879
668,10,User_668,user_668@gmail.com,2026-04-13 16:03:22.764879
669,3,User_669,user_669@gmail.com,2026-04-13 16:03:22.764879
670,10,User_670,user_670@gmail.com,2026-04-13 16:03:22.764879
671,8,User_671,user_671@gmail.com,2026-04-13 16:03:22.764879
672,5,User_672,user_672@gmail.com,2026-04-13 16:03:22.764879
673,4,User_673,user_673@gmail.com,2026-04-13 16:03:22.764879
674,6,User_674,user_674@gmail.com,2026-04-13 16:03:22.764879
675,5,User_675,user_675@gmail.com,2026-04-13 16:03:22.764879
676,7,User_676,user_676@gmail.com,2026-04-13 16:03:22.764879
677,8,User_677,user_677@gmail.com,2026-04-13 16:03:22.764879
678,8,User_678,user_678@gmail.com,2026-04-13 16:03:22.764879
679,4,User_679,user_679@gmail.com,2026-04-13 16:03:22.764879
680,1,User_680,user_680@gmail.com,2026-04-13 16:03:22.764879
681,1,User_681,user_681@gmail.com,2026-04-13 16:03:22.764879
682,4,User_682,user_682@gmail.com,2026-04-13 16:03:22.764879
683,1,User_683,user_683@gmail.com,2026-04-13 16:03:22.764879
684,2,User_684,user_684@gmail.com,2026-04-13 16:03:22.764879
685,3,User_685,user_685@gmail.com,2026-04-13 16:03:22.764879
686,7,User_686,user_686@gmail.com,2026-04-13 16:03:22.764879
687,6,User_687,user_687@gmail.com,2026-04-13 16:03:22.764879
688,2,User_688,user_688@gmail.com,2026-04-13 16:03:22.764879
689,6,User_689,user_689@gmail.com,2026-04-13 16:03:22.764879
690,10,User_690,user_690@gmail.com,2026-04-13 16:03:22.764879
691,8,User_691,user_691@gmail.com,2026-04-13 16:03:22.764879
692,10,User_692,user_692@gmail.com,2026-04-13 16:03:22.764879
693,9,User_693,user_693@gmail.com,2026-04-13 16:03:22.764879
694,6,User_694,user_694@gmail.com,2026-04-13 16:03:22.764879
695,1,User_695,user_695@gmail.com,2026-04-13 16:03:22.764879
696,2,User_696,user_696@gmail.com,2026-04-13 16:03:22.764879
697,9,User_697,user_697@gmail.com,2026-04-13 16:03:22.764879
698,5,User_698,user_698@gmail.com,2026-04-13 16:03:22.764879
699,2,User_699,user_699@gmail.com,2026-04-13 16:03:22.764879
700,9,User_700,user_700@gmail.com,2026-04-13 16:03:22.764879
701,7,User_701,user_701@gmail.com,2026-04-13 16:03:22.764879
702,8,User_702,user_702@gmail.com,2026-04-13 16:03:22.764879
703,9,User_703,user_703@gmail.com,2026-04-13 16:03:22.764879
704,8,User_704,user_704@gmail.com,2026-04-13 16:03:22.764879
705,5,User_705,user_705@gmail.com,2026-04-13 16:03:22.764879
706,7,User_706,user_706@gmail.com,2026-04-13 16:03:22.764879
707,6,User_707,user_707@gmail.com,2026-04-13 16:03:22.764879
708,5,User_708,user_708@gmail.com,2026-04-13 16:03:22.764879
709,3,User_709,user_709@gmail.com,2026-04-13 16:03:22.764879
710,5,User_710,user_710@gmail.com,2026-04-13 16:03:22.764879
711,7,User_711,user_711@gmail.com,2026-04-13 16:03:22.764879
712,4,User_712,user_712@gmail.com,2026-04-13 16:03:22.764879
713,3,User_713,user_713@gmail.com,2026-04-13 16:03:22.764879
714,2,User_714,user_714@gmail.com,2026-04-13 16:03:22.764879
715,9,User_715,user_715@gmail.com,2026-04-13 16:03:22.764879
716,4,User_716,user_716@gmail.com,2026-04-13 16:03:22.764879
717,7,User_717,user_717@gmail.com,2026-04-13 16:03:22.764879
718,9,User_718,user_718@gmail.com,2026-04-13 16:03:22.764879
719,2,User_719,user_719@gmail.com,2026-04-13 16:03:22.764879
720,9,User_720,user_720@gmail.com,2026-04-13 16:03:22.764879
721,6,User_721,user_721@gmail.com,2026-04-13 16:03:22.764879
722,2,User_722,user_722@gmail.com,2026-04-13 16:03:22.764879
723,2,User_723,user_723@gmail.com,2026-04-13 16:03:22.764879
724,5,User_724,user_724@gmail.com,2026-04-13 16:03:22.764879
725,2,User_725,user_725@gmail.com,2026-04-13 16:03:22.764879
726,8,User_726,user_726@gmail.com,2026-04-13 16:03:22.764879
727,9,User_727,user_727@gmail.com,2026-04-13 16:03:22.764879
728,7,User_728,user_728@gmail.com,2026-04-13 16:03:22.764879
729,9,User_729,user_729@gmail.com,2026-04-13 16:03:22.764879
730,4,User_730,user_730@gmail.com,2026-04-13 16:03:22.764879
731,4,User_731,user_731@gmail.com,2026-04-13 16:03:22.764879
732,2,User_732,user_732@gmail.com,2026-04-13 16:03:22.764879
733,4,User_733,user_733@gmail.com,2026-04-13 16:03:22.764879
734,1,User_734,user_734@gmail.com,2026-04-13 16:03:22.764879
735,7,User_735,user_735@gmail.com,2026-04-13 16:03:22.764879
736,6,User_736,user_736@gmail.com,2026-04-13 16:03:22.764879
737,8,User_737,user_737@gmail.com,2026-04-13 16:03:22.764879
738,2,User_738,user_738@gmail.com,2026-04-13 16:03:22.764879
739,6,User_739,user_739@gmail.com,2026-04-13 16:03:22.764879
740,8,User_740,user_740@gmail.com,2026-04-13 16:03:22.764879
741,2,User_741,user_741@gmail.com,2026-04-13 16:03:22.764879
742,7,User_742,user_742@gmail.com,2026-04-13 16:03:22.764879
743,6,User_743,user_743@gmail.com,2026-04-13 16:03:22.764879
744,7,User_744,user_744@gmail.com,2026-04-13 16:03:22.764879
745,5,User_745,user_745@gmail.com,2026-04-13 16:03:22.764879
746,6,User_746,user_746@gmail.com,2026-04-13 16:03:22.764879
747,2,User_747,user_747@gmail.com,2026-04-13 16:03:22.764879
748,8,User_748,user_748@gmail.com,2026-04-13 16:03:22.764879
749,8,User_749,user_749@gmail.com,2026-04-13 16:03:22.764879
750,2,User_750,user_750@gmail.com,2026-04-13 16:03:22.764879
751,9,User_751,user_751@gmail.com,2026-04-13 16:03:22.764879
752,1,User_752,user_752@gmail.com,2026-04-13 16:03:22.764879
753,5,User_753,user_753@gmail.com,2026-04-13 16:03:22.764879
754,2,User_754,user_754@gmail.com,2026-04-13 16:03:22.764879
755,8,User_755,user_755@gmail.com,2026-04-13 16:03:22.764879
756,2,User_756,user_756@gmail.com,2026-04-13 16:03:22.764879
757,2,User_757,user_757@gmail.com,2026-04-13 16:03:22.764879
758,9,User_758,user_758@gmail.com,2026-04-13 16:03:22.764879
759,3,User_759,user_759@gmail.com,2026-04-13 16:03:22.764879
760,4,User_760,user_760@gmail.com,2026-04-13 16:03:22.764879
761,5,User_761,user_761@gmail.com,2026-04-13 16:03:22.764879
762,10,User_762,user_762@gmail.com,2026-04-13 16:03:22.764879
763,9,User_763,user_763@gmail.com,2026-04-13 16:03:22.764879
764,6,User_764,user_764@gmail.com,2026-04-13 16:03:22.764879
765,7,User_765,user_765@gmail.com,2026-04-13 16:03:22.764879
766,6,User_766,user_766@gmail.com,2026-04-13 16:03:22.764879
767,8,User_767,user_767@gmail.com,2026-04-13 16:03:22.764879
768,6,User_768,user_768@gmail.com,2026-04-13 16:03:22.764879
769,6,User_769,user_769@gmail.com,2026-04-13 16:03:22.764879
770,1,User_770,user_770@gmail.com,2026-04-13 16:03:22.764879
771,1,User_771,user_771@gmail.com,2026-04-13 16:03:22.764879
772,9,User_772,user_772@gmail.com,2026-04-13 16:03:22.764879
773,3,User_773,user_773@gmail.com,2026-04-13 16:03:22.764879
774,10,User_774,user_774@gmail.com,2026-04-13 16:03:22.764879
775,4,User_775,user_775@gmail.com,2026-04-13 16:03:22.764879
776,3,User_776,user_776@gmail.com,2026-04-13 16:03:22.764879
777,4,User_777,user_777@gmail.com,2026-04-13 16:03:22.764879
778,9,User_778,user_778@gmail.com,2026-04-13 16:03:22.764879
779,10,User_779,user_779@gmail.com,2026-04-13 16:03:22.764879
780,7,User_780,user_780@gmail.com,2026-04-13 16:03:22.764879
781,8,User_781,user_781@gmail.com,2026-04-13 16:03:22.764879
782,10,User_782,user_782@gmail.com,2026-04-13 16:03:22.764879
783,7,User_783,user_783@gmail.com,2026-04-13 16:03:22.764879
784,4,User_784,user_784@gmail.com,2026-04-13 16:03:22.764879
785,1,User_785,user_785@gmail.com,2026-04-13 16:03:22.764879
786,9,User_786,user_786@gmail.com,2026-04-13 16:03:22.764879
787,4,User_787,user_787@gmail.com,2026-04-13 16:03:22.764879
788,4,User_788,user_788@gmail.com,2026-04-13 16:03:22.764879
789,7,User_789,user_789@gmail.com,2026-04-13 16:03:22.764879
790,6,User_790,user_790@gmail.com,2026-04-13 16:03:22.764879
791,4,User_791,user_791@gmail.com,2026-04-13 16:03:22.764879
792,6,User_792,user_792@gmail.com,2026-04-13 16:03:22.764879
793,2,User_793,user_793@gmail.com,2026-04-13 16:03:22.764879
794,3,User_794,user_794@gmail.com,2026-04-13 16:03:22.764879
795,1,User_795,user_795@gmail.com,2026-04-13 16:03:22.764879
796,2,User_796,user_796@gmail.com,2026-04-13 16:03:22.764879
797,5,User_797,user_797@gmail.com,2026-04-13 16:03:22.764879
798,4,User_798,user_798@gmail.com,2026-04-13 16:03:22.764879
799,7,User_799,user_799@gmail.com,2026-04-13 16:03:22.764879
800,7,User_800,user_800@gmail.com,2026-04-13 16:03:22.764879
801,4,User_801,user_801@gmail.com,2026-04-13 16:03:22.764879
802,10,User_802,user_802@gmail.com,2026-04-13 16:03:22.764879
803,7,User_803,user_803@gmail.com,2026-04-13 16:03:22.764879
804,5,User_804,user_804@gmail.com,2026-04-13 16:03:22.764879
805,7,User_805,user_805@gmail.com,2026-04-13 16:03:22.764879
806,5,User_806,user_806@gmail.com,2026-04-13 16:03:22.764879
807,10,User_807,user_807@gmail.com,2026-04-13 16:03:22.764879
808,5,User_808,user_808@gmail.com,2026-04-13 16:03:22.764879
809,5,User_809,user_809@gmail.com,2026-04-13 16:03:22.764879
810,2,User_810,user_810@gmail.com,2026-04-13 16:03:22.764879
811,2,User_811,user_811@gmail.com,2026-04-13 16:03:22.764879
812,5,User_812,user_812@gmail.com,2026-04-13 16:03:22.764879
813,1,User_813,user_813@gmail.com,2026-04-13 16:03:22.764879
814,8,User_814,user_814@gmail.com,2026-04-13 16:03:22.764879
815,3,User_815,user_815@gmail.com,2026-04-13 16:03:22.764879
816,3,User_816,user_816@gmail.com,2026-04-13 16:03:22.764879
817,6,User_817,user_817@gmail.com,2026-04-13 16:03:22.764879
818,7,User_818,user_818@gmail.com,2026-04-13 16:03:22.764879
819,2,User_819,user_819@gmail.com,2026-04-13 16:03:22.764879
820,5,User_820,user_820@gmail.com,2026-04-13 16:03:22.764879
821,6,User_821,user_821@gmail.com,2026-04-13 16:03:22.764879
822,4,User_822,user_822@gmail.com,2026-04-13 16:03:22.764879
823,7,User_823,user_823@gmail.com,2026-04-13 16:03:22.764879
824,4,User_824,user_824@gmail.com,2026-04-13 16:03:22.764879
825,2,User_825,user_825@gmail.com,2026-04-13 16:03:22.764879
826,5,User_826,user_826@gmail.com,2026-04-13 16:03:22.764879
827,2,User_827,user_827@gmail.com,2026-04-13 16:03:22.764879
828,7,User_828,user_828@gmail.com,2026-04-13 16:03:22.764879
829,3,User_829,user_829@gmail.com,2026-04-13 16:03:22.764879
830,8,User_830,user_830@gmail.com,2026-04-13 16:03:22.764879
831,4,User_831,user_831@gmail.com,2026-04-13 16:03:22.764879
832,1,User_832,user_832@gmail.com,2026-04-13 16:03:22.764879
833,9,User_833,user_833@gmail.com,2026-04-13 16:03:22.764879
834,5,User_834,user_834@gmail.com,2026-04-13 16:03:22.764879
835,8,User_835,user_835@gmail.com,2026-04-13 16:03:22.764879
836,9,User_836,user_836@gmail.com,2026-04-13 16:03:22.764879
837,1,User_837,user_837@gmail.com,2026-04-13 16:03:22.764879
838,10,User_838,user_838@gmail.com,2026-04-13 16:03:22.764879
839,1,User_839,user_839@gmail.com,2026-04-13 16:03:22.764879
840,2,User_840,user_840@gmail.com,2026-04-13 16:03:22.764879
841,3,User_841,user_841@gmail.com,2026-04-13 16:03:22.764879
842,8,User_842,user_842@gmail.com,2026-04-13 16:03:22.764879
843,5,User_843,user_843@gmail.com,2026-04-13 16:03:22.764879
844,5,User_844,user_844@gmail.com,2026-04-13 16:03:22.764879
845,5,User_845,user_845@gmail.com,2026-04-13 16:03:22.764879
846,8,User_846,user_846@gmail.com,2026-04-13 16:03:22.764879
847,6,User_847,user_847@gmail.com,2026-04-13 16:03:22.764879
848,9,User_848,user_848@gmail.com,2026-04-13 16:03:22.764879
849,3,User_849,user_849@gmail.com,2026-04-13 16:03:22.764879
850,6,User_850,user_850@gmail.com,2026-04-13 16:03:22.764879
851,9,User_851,user_851@gmail.com,2026-04-13 16:03:22.764879
852,7,User_852,user_852@gmail.com,2026-04-13 16:03:22.764879
853,4,User_853,user_853@gmail.com,2026-04-13 16:03:22.764879
854,2,User_854,user_854@gmail.com,2026-04-13 16:03:22.764879
855,5,User_855,user_855@gmail.com,2026-04-13 16:03:22.764879
856,7,User_856,user_856@gmail.com,2026-04-13 16:03:22.764879
857,2,User_857,user_857@gmail.com,2026-04-13 16:03:22.764879
858,10,User_858,user_858@gmail.com,2026-04-13 16:03:22.764879
859,6,User_859,user_859@gmail.com,2026-04-13 16:03:22.764879
860,2,User_860,user_860@gmail.com,2026-04-13 16:03:22.764879
861,4,User_861,user_861@gmail.com,2026-04-13 16:03:22.764879
862,2,User_862,user_862@gmail.com,2026-04-13 16:03:22.764879
863,5,User_863,user_863@gmail.com,2026-04-13 16:03:22.764879
864,2,User_864,user_864@gmail.com,2026-04-13 16:03:22.764879
865,3,User_865,user_865@gmail.com,2026-04-13 16:03:22.764879
866,9,User_866,user_866@gmail.com,2026-04-13 16:03:22.764879
867,6,User_867,user_867@gmail.com,2026-04-13 16:03:22.764879
868,4,User_868,user_868@gmail.com,2026-04-13 16:03:22.764879
869,7,User_869,user_869@gmail.com,2026-04-13 16:03:22.764879
870,6,User_870,user_870@gmail.com,2026-04-13 16:03:22.764879
871,7,User_871,user_871@gmail.com,2026-04-13 16:03:22.764879
872,2,User_872,user_872@gmail.com,2026-04-13 16:03:22.764879
873,4,User_873,user_873@gmail.com,2026-04-13 16:03:22.764879
874,2,User_874,user_874@gmail.com,2026-04-13 16:03:22.764879
875,2,User_875,user_875@gmail.com,2026-04-13 16:03:22.764879
876,4,User_876,user_876@gmail.com,2026-04-13 16:03:22.764879
877,8,User_877,user_877@gmail.com,2026-04-13 16:03:22.764879
878,4,User_878,user_878@gmail.com,2026-04-13 16:03:22.764879
879,4,User_879,user_879@gmail.com,2026-04-13 16:03:22.764879
880,7,User_880,user_880@gmail.com,2026-04-13 16:03:22.764879
881,9,User_881,user_881@gmail.com,2026-04-13 16:03:22.764879
882,5,User_882,user_882@gmail.com,2026-04-13 16:03:22.764879
883,4,User_883,user_883@gmail.com,2026-04-13 16:03:22.764879
884,3,User_884,user_884@gmail.com,2026-04-13 16:03:22.764879
885,3,User_885,user_885@gmail.com,2026-04-13 16:03:22.764879
886,7,User_886,user_886@gmail.com,2026-04-13 16:03:22.764879
887,7,User_887,user_887@gmail.com,2026-04-13 16:03:22.764879
888,4,User_888,user_888@gmail.com,2026-04-13 16:03:22.764879
889,8,User_889,user_889@gmail.com,2026-04-13 16:03:22.764879
890,7,User_890,user_890@gmail.com,2026-04-13 16:03:22.764879
891,4,User_891,user_891@gmail.com,2026-04-13 16:03:22.764879
892,8,User_892,user_892@gmail.com,2026-04-13 16:03:22.764879
893,10,User_893,user_893@gmail.com,2026-04-13 16:03:22.764879
894,6,User_894,user_894@gmail.com,2026-04-13 16:03:22.764879
895,9,User_895,user_895@gmail.com,2026-04-13 16:03:22.764879
896,4,User_896,user_896@gmail.com,2026-04-13 16:03:22.764879
897,4,User_897,user_897@gmail.com,2026-04-13 16:03:22.764879
898,6,User_898,user_898@gmail.com,2026-04-13 16:03:22.764879
899,10,User_899,user_899@gmail.com,2026-04-13 16:03:22.764879
900,6,User_900,user_900@gmail.com,2026-04-13 16:03:22.764879
901,5,User_901,user_901@gmail.com,2026-04-13 16:03:22.764879
902,4,User_902,user_902@gmail.com,2026-04-13 16:03:22.764879
903,2,User_903,user_903@gmail.com,2026-04-13 16:03:22.764879
904,5,User_904,user_904@gmail.com,2026-04-13 16:03:22.764879
905,2,User_905,user_905@gmail.com,2026-04-13 16:03:22.764879
906,3,User_906,user_906@gmail.com,2026-04-13 16:03:22.764879
907,7,User_907,user_907@gmail.com,2026-04-13 16:03:22.764879
908,9,User_908,user_908@gmail.com,2026-04-13 16:03:22.764879
909,5,User_909,user_909@gmail.com,2026-04-13 16:03:22.764879
910,10,User_910,user_910@gmail.com,2026-04-13 16:03:22.764879
911,7,User_911,user_911@gmail.com,2026-04-13 16:03:22.764879
912,10,User_912,user_912@gmail.com,2026-04-13 16:03:22.764879
913,8,User_913,user_913@gmail.com,2026-04-13 16:03:22.764879
914,6,User_914,user_914@gmail.com,2026-04-13 16:03:22.764879
915,2,User_915,user_915@gmail.com,2026-04-13 16:03:22.764879
916,10,User_916,user_916@gmail.com,2026-04-13 16:03:22.764879
917,4,User_917,user_917@gmail.com,2026-04-13 16:03:22.764879
918,2,User_918,user_918@gmail.com,2026-04-13 16:03:22.764879
919,7,User_919,user_919@gmail.com,2026-04-13 16:03:22.764879
920,7,User_920,user_920@gmail.com,2026-04-13 16:03:22.764879
921,10,User_921,user_921@gmail.com,2026-04-13 16:03:22.764879
922,8,User_922,user_922@gmail.com,2026-04-13 16:03:22.764879
923,6,User_923,user_923@gmail.com,2026-04-13 16:03:22.764879
924,8,User_924,user_924@gmail.com,2026-04-13 16:03:22.764879
925,6,User_925,user_925@gmail.com,2026-04-13 16:03:22.764879
926,1,User_926,user_926@gmail.com,2026-04-13 16:03:22.764879
927,4,User_927,user_927@gmail.com,2026-04-13 16:03:22.764879
928,5,User_928,user_928@gmail.com,2026-04-13 16:03:22.764879
929,6,User_929,user_929@gmail.com,2026-04-13 16:03:22.764879
930,8,User_930,user_930@gmail.com,2026-04-13 16:03:22.764879
931,5,User_931,user_931@gmail.com,2026-04-13 16:03:22.764879
932,8,User_932,user_932@gmail.com,2026-04-13 16:03:22.764879
933,9,User_933,user_933@gmail.com,2026-04-13 16:03:22.764879
934,9,User_934,user_934@gmail.com,2026-04-13 16:03:22.764879
935,4,User_935,user_935@gmail.com,2026-04-13 16:03:22.764879
936,2,User_936,user_936@gmail.com,2026-04-13 16:03:22.764879
937,5,User_937,user_937@gmail.com,2026-04-13 16:03:22.764879
938,2,User_938,user_938@gmail.com,2026-04-13 16:03:22.764879
939,8,User_939,user_939@gmail.com,2026-04-13 16:03:22.764879
940,3,User_940,user_940@gmail.com,2026-04-13 16:03:22.764879
941,3,User_941,user_941@gmail.com,2026-04-13 16:03:22.764879
942,9,User_942,user_942@gmail.com,2026-04-13 16:03:22.764879
943,8,User_943,user_943@gmail.com,2026-04-13 16:03:22.764879
944,2,User_944,user_944@gmail.com,2026-04-13 16:03:22.764879
945,8,User_945,user_945@gmail.com,2026-04-13 16:03:22.764879
946,3,User_946,user_946@gmail.com,2026-04-13 16:03:22.764879
947,3,User_947,user_947@gmail.com,2026-04-13 16:03:22.764879
948,2,User_948,user_948@gmail.com,2026-04-13 16:03:22.764879
949,4,User_949,user_949@gmail.com,2026-04-13 16:03:22.764879
950,5,User_950,user_950@gmail.com,2026-04-13 16:03:22.764879
951,5,User_951,user_951@gmail.com,2026-04-13 16:03:22.764879
952,8,User_952,user_952@gmail.com,2026-04-13 16:03:22.764879
953,6,User_953,user_953@gmail.com,2026-04-13 16:03:22.764879
954,4,User_954,user_954@gmail.com,2026-04-13 16:03:22.764879
955,5,User_955,user_955@gmail.com,2026-04-13 16:03:22.764879
956,9,User_956,user_956@gmail.com,2026-04-13 16:03:22.764879
957,2,User_957,user_957@gmail.com,2026-04-13 16:03:22.764879
958,2,User_958,user_958@gmail.com,2026-04-13 16:03:22.764879
959,2,User_959,user_959@gmail.com,2026-04-13 16:03:22.764879
960,2,User_960,user_960@gmail.com,2026-04-13 16:03:22.764879
961,6,User_961,user_961@gmail.com,2026-04-13 16:03:22.764879
962,4,User_962,user_962@gmail.com,2026-04-13 16:03:22.764879
963,9,User_963,user_963@gmail.com,2026-04-13 16:03:22.764879
964,9,User_964,user_964@gmail.com,2026-04-13 16:03:22.764879
965,6,User_965,user_965@gmail.com,2026-04-13 16:03:22.764879
966,7,User_966,user_966@gmail.com,2026-04-13 16:03:22.764879
967,5,User_967,user_967@gmail.com,2026-04-13 16:03:22.764879
968,9,User_968,user_968@gmail.com,2026-04-13 16:03:22.764879
969,10,User_969,user_969@gmail.com,2026-04-13 16:03:22.764879
970,4,User_970,user_970@gmail.com,2026-04-13 16:03:22.764879
971,8,User_971,user_971@gmail.com,2026-04-13 16:03:22.764879
972,1,User_972,user_972@gmail.com,2026-04-13 16:03:22.764879
973,5,User_973,user_973@gmail.com,2026-04-13 16:03:22.764879
974,5,User_974,user_974@gmail.com,2026-04-13 16:03:22.764879
975,9,User_975,user_975@gmail.com,2026-04-13 16:03:22.764879
976,6,User_976,user_976@gmail.com,2026-04-13 16:03:22.764879
977,7,User_977,user_977@gmail.com,2026-04-13 16:03:22.764879
978,10,User_978,user_978@gmail.com,2026-04-13 16:03:22.764879
979,6,User_979,user_979@gmail.com,2026-04-13 16:03:22.764879
980,8,User_980,user_980@gmail.com,2026-04-13 16:03:22.764879
981,8,User_981,user_981@gmail.com,2026-04-13 16:03:22.764879
982,5,User_982,user_982@gmail.com,2026-04-13 16:03:22.764879
983,9,User_983,user_983@gmail.com,2026-04-13 16:03:22.764879
984,6,User_984,user_984@gmail.com,2026-04-13 16:03:22.764879
985,8,User_985,user_985@gmail.com,2026-04-13 16:03:22.764879
986,5,User_986,user_986@gmail.com,2026-04-13 16:03:22.764879
987,2,User_987,user_987@gmail.com,2026-04-13 16:03:22.764879
988,8,User_988,user_988@gmail.com,2026-04-13 16:03:22.764879
989,3,User_989,user_989@gmail.com,2026-04-13 16:03:22.764879
990,6,User_990,user_990@gmail.com,2026-04-13 16:03:22.764879
991,7,User_991,user_991@gmail.com,2026-04-13 16:03:22.764879
992,3,User_992,user_992@gmail.com,2026-04-13 16:03:22.764879
993,3,User_993,user_993@gmail.com,2026-04-13 16:03:22.764879
994,2,User_994,user_994@gmail.com,2026-04-13 16:03:22.764879
995,9,User_995,user_995@gmail.com,2026-04-13 16:03:22.764879
996,9,User_996,user_996@gmail.com,2026-04-13 16:03:22.764879
997,5,User_997,user_997@gmail.com,2026-04-13 16:03:22.764879
998,3,User_998,user_998@gmail.com,2026-04-13 16:03:22.764879
999,10,User_999,user_999@gmail.com,2026-04-13 16:03:22.764879
1000,9,User_1000,user_1000@gmail.com,2026-04-13 16:03:22.764879
